{"loss": [1.0611155033111572], "accuracy": [0.5], "val_loss": [0.828830897808075], "val_accuracy": [0.5]}